MISA meInvoice Web - Đăng ký sử dụng$Lập tờ khai đăng ký sử dụng hóa đơn điện tử không có mã của CQT$Sau khi Thiết lập thông tin đơn vị và Thiết lập ký số, thực hiện như sau:\n\nBước 1: Tại màn hình bắt đầu sử dụng, tích chọn Hóa đơn không có mã của CQT, nhấn Hoàn thiện tờ khai.\n[https://helpv4.meinvoice.vn/wp-content/uploads/2019/12/r48_web_hoan_thien_to_khai_06-768x501.jpg]\n\n\nBước 2: Chương trình đã tạo sẵn 1 tờ khai trên danh sách, nhấn biểu tượng Xem để xem chi tiết và hoàn thiện tờ khai.\n\nKhai báo thông tin liên hệ với CQT:\nVới tờ khai Đăng ký mới: Sau khi tờ khai được chấp nhận, cơ quan thuế sẽ gửi thông tin tài khoản truy cập hệ thống HĐĐT của Tổng cục Thuế và các thông báo quan trọng liên quan đến hóa đơn điện tử tới email/số điện thoại/địa chỉ này.\nVới tờ khai Thay đổi thông tin: Sau khi tờ khai được chấp nhận, cơ quan thuế sẽ gửi các thông báo quan trọng liên quan đến hóa đơn điện tử tới email/số điện thoại/địa chỉ này.\n[https://helpv4.meinvoice.vn/wp-content/uploads/2019/12/r48_web_hoan_thien_to_khai_07-768x495.jpg]\n\n1. Hình thức hóa đơn: Không có mã của cơ quan thuế (Phần mềm tự động lấy lên theo thiết lập hình thức hóa đơn tại Hồ sơ điện tử). Trường hợp đơn vị sử dụng song song 2 hình thức hóa đơn thì tích chọn cả 2 hình thức.\n2. Hình thức gửi dữ liệu hóa đơn điện tử: Để trống toàn bộ ( nếu đơn vị không thuộc trường hợp không phải trả tiền dịch vụ theo khoản 1, điều 14, nghị định 123/2020/NĐ-CP.)\n3. Phương thức chuyển hóa đơn điện tử: Chọn 1 trong 2 phương thức:\nChuyển đầy đủ nội dung từng hóa đơn: Chương trình sẽ tự động chuyển dữ liệu hóa đơn đến cơ quan thuế ngay sau khi hóa đơn được phát hành và gửi cho khách hàng.\nChuyển theo bảng tổng hợp dữ liệu hóa đơn: Kế toán lập bảng tổng hợp dữ liệu hóa đơn gửi cơ quan thuế định kỳ theo kỳ kê khai thuế GTGT tại đơn vị.\nXem hướng dẫn chi tiết cách chọn phương thức chuyển dữ liệu hóa đơn đến cơ quan thuế.\n4. Loại hóa đơn sử dụng: Tích chọn vào 1 hoặc nhiều loại hóa đơn theo thực tế sử dụng của từng đơn vị. Bao gồm:\n- Hóa đơn bán hàng\n- Hóa đơn GTGT\n- Hóa đơn GTGT khởi tạo từ máy tính tiền\n- Hóa đơn bán hàng khởi tạo từ máy tính tiền\n- Các loại hóa đơn khác: Vé điện tử\n- Chứng từ khác: Các loại phiếu xuất kho kiêm vận chuyển nội bộ, phiếu xuất kho hàng gửi bán đại lý.\n5. Danh sách chứng thư số sử dụng: Nhấn Chọn để lấy lên chứng thư số đơn vị sử dụng.\nNhấn Ký điện tử.\n[https://helpv4.meinvoice.vn/wp-content/uploads/2019/12/r48_web_hoan_thien_to_khai_08.jpg]\nNhấn Gửi để gửi tờ khai đến cơ quan thuế.\n\n\nBước 3: Theo dõi kết quả đăng ký.\n\nCơ quan thuế sẽ phản hồi về việc chấp nhận/không chấp nhận đăng ký sử dụng hóa đơn đơn điện tử trong 01 ngày kể từ ngày nộp tờ khai.\nTheo dõi kết quả đăng ký tại mục Đăng ký/Thay đổi thông tin.\n[https://helpv4.meinvoice.vn/wp-content/uploads/2019/12/r48_web_hoan_thien_to_khai_09-768x96.jpg]
MISA meInvoice Web - Đăng ký sử dụng$Đăng ký sử dụng hóa đơn với cơ quan thuế (HĐĐT có mã CQT)$Sau khi Thiết lập thông tin đơn vị và Thiết lập ký số, cần lập tờ khai đăng ký sử dụng hóa đơn điện tử với cơ quan thuế và khởi tạo mẫu hóa đơn quản lý tại đơn vị (không phải nộp cơ quan thuế).\n\nBước 1: Tích chọn hình thức hóa đơn là Hóa đơn có mã của CQT trước khi thực hiện đăng ký sử dụng và Nhấn Hoàn thiện tờ khai.\n[https://helpv4.meinvoice.vn/wp-content/uploads/2021/10/r48_web_hoan_thien_to_khai_01-768x501.jpg]\n\n\nBước 2: Chương trình đã tạo sẵn 1 tờ khai trên danh sách, nhấn biểu tượng Xem để xem chi tiết và hoàn thiện tờ khai.\nKhai báo thông tin liên hệ với CQT\na. Với tờ khai Đăng ký mới: Sau khi tờ khai được chấp nhận, cơ quan thuế sẽ gửi thông tin tài khoản truy cập hệ thống HĐĐT của Tổng cục Thuế và các thông báo quan trọng liên quan đến hóa đơn điện tử tới email/số điện thoại/địa chỉ này.\nb. Với tờ khai Thay đổi thông tin: Sau khi tờ khai được chấp nhận, cơ quan thuế sẽ gửi các thông báo quan trọng liên quan đến hóa đơn điện tử tới email/số điện thoại/địa chỉ này.\n[https://helpv4.meinvoice.vn/wp-content/uploads/2021/10/r48_web_hoan_thien_to_khai_02-768x496.jpg]\n\n1. Hình thức hóa đơn: Có mã của cơ quan thuế (Phần mềm tự động lấy lên theo thiết lập hình thức hóa đơn tại Hồ sơ điện tử). Trường hợp đơn vị sử dụng song song 2 hình thức hóa đơn thì tích chọn cả 2 hình thức.\n2. Hình thức gửi dữ liệu hóa đơn điện tử: Để trống toàn bộ (nếu đơn vị không thuộc trường hợp không phải trả tiền dịch vụ theo khoản 1, điều 14, nghị định 123/2020/NĐ-CP)\n3. Phương thức chuyển hóa đơn điện tử: Chọn Chuyển đầy đủ nội dung từng hóa đơn.\n4. Loại hóa đơn sử dụng: Tích chọn vào 1 hoặc nhiều loại hóa đơn theo thực tế sử dụng của từng đơn vị. Bao gồm:\n- Hóa đơn bán hàng\n- Hóa đơn GTGT\n- Hóa đơn GTGT khởi tạo từ máy tính tiền\n- Hóa đơn bán hàng khởi tạo từ máy tính tiền\n- Các loại hóa đơn khác: Vé điện tử\n- Chứng từ khác: Các loại phiếu xuất kho kiêm vận chuyển nội bộ, phiếu xuất kho hàng gửi bán đại lý.\n5. Danh sách chứng thư số sử dụng: Nhấn Chọn để lấy lên chứng thư số đơn vị sử dụng.\nNhấn Ký điện tử.\n[https://helpv4.meinvoice.vn/wp-content/uploads/2021/10/r48_web_hoan_thien_to_khai_03.jpg]\nNhấn Lưu và Gửi cơ quan thuế.\n[https://helpv4.meinvoice.vn/wp-content/uploads/2021/10/r48_web_hoan_thien_to_khai_04-768x948.jpg]\n\n\nBước 3: Cơ quan thuế chấp nhận tờ khai đăng ký và gửi phản hồi. Phần mềm sẽ thông báo và tự động cập nhật trạng thái CQT chấp nhận trên danh sách tờ khai cho người dùng được biết.
MISA meInvoice Web - Khởi tạo mẫu hóa đơn$Khởi tạo mẫu hóa đơn có mã$Bước 1: Chọn mẫu hóa đơn\nVào mục Đăng ký phát hành, chọn Mẫu hóa đơn cần khởi tạo.\n[https://helpv4.meinvoice.vn/wp-content/uploads/2021/10/ktm_hoa-don_khong_ma_01.gif]\n\n\nBước 2: Khai báo các thông tin cần thiết để khởi tạo mẫu hóa đơn.\n1. Chọn Hình thức hóa đơn là HĐ có mã của CQT.\n\n2. Chương trình tự động điền thông tin mẫu số và 4 ký tự đầu của mẫu hóa đơn:\n- Số 1: Phản ánh loại hóa đơn điện tử giá trị gia tăng.\n- C thể hiện hóa đơn điện tử có mã.\n- Hai ký tự tiếp theo là hai (02) chữ số Ả rập thể hiện năm lập hóa đơn điện tử được xác định theo 2 chữ số cuối của năm dương lịch.\n- Một ký tự tiếp theo là một (01) chữ cái được quy định là T, D, L, M, N, B, G, H thể hiện loại hóa đơn điện tử được sử dụng, cụ thể:  Chữ T: Áp dụng đối với hóa đơn điện tử do các doanh nghiệp, tổ chức, hộ, cá nhân kinh doanh đăng ký sử dụng với cơ quan thuế.\n- Hai ký tự cuối là chữ viết do người bán tự xác định căn cứ theo nhu cầu quản lý. Trường hợp người bán sử dụng nhiều mẫu hóa đơn điện tử trong cùng một loại hóa đơn thì sử dụng hai ký tự cuối nêu trên để phân biệt các mẫu hóa đơn khác nhau trong cùng một loại hóa đơn. Trường hợp không có nhu cầu quản lý thì để là YY.\n\n3. Phương thức chuyển dữ liệu hóa đơn: Đối với hóa đơn có mã, chương trình mặc định phương thức Chuyển đầy đủ nội dung từng hóa đơn.\n[https://helpv4.meinvoice.vn/wp-content/uploads/2021/10/r47_web_ktm_hoa_don_co_ma.jpg]\n\n4. Có thể thiết kế logo, hình nền hiển thị trên mẫu hóa đơn (nếu không có nhu cầu nhấn Bỏ qua)\n[https://helpv4.meinvoice.vn/wp-content/uploads/2021/10/ktm_hoa_don_ko_ma_02.gif]\n\n5. Có thể xem mẫu hóa đơn dạng chuyển đối, mẫu hóa đơn phát sinh chiết khấu, dạng, mẫu hóa đơn phát sinh ngoại tệ.\n[https://helpv4.meinvoice.vn/wp-content/uploads/2021/10/ktm_co_ma_04.gif]\n\n6. Có thể thiết lập lại cách hiển thị các thông tin trên hóa đơn\n[https://helpv4.meinvoice.vn/wp-content/uploads/2021/10/ktm_co_ma_05.gif]\n\n\nBước 3: Nhấn Lưu để hoàn thành việc khởi tạo mẫu hóa đơn điện tử.
MISA meInvoice Web - Khởi tạo mẫu hóa đơn$Khởi tạo mẫu hóa đơn không có mã của cơ quan thuế$Bước 1: Vào mục Đăng ký phát hành, chọn mẫu hóa đơn cần khởi tạo.\n[https://helpv4.meinvoice.vn/wp-content/uploads/2021/11/KTM_HD_KHong_Ma_01-1.gif]\n\n\nBước 2: Khai báo các thông tin cần thiết để khởi tạo mẫu hóa đơn.\n1. Chọn Hình thức hóa đơn là HĐ không có mã của CQT.\n\n2. Chương trình tự động điền thông tin mẫu số và 4 ký tự đầu của mẫu hóa đơn:\n- Số 1: Phản ánh loại hóa đơn điện tử giá trị gia tăng.\n- K thể hiện hóa đơn điện tử không có mã.\n- Hai ký tự tiếp theo là hai (02) chữ số Ả rập thể hiện năm lập hóa đơn điện tử được xác định theo 2 chữ số cuối của năm dương lịch.\n- Một ký tự tiếp theo là một (01) chữ cái được quy định là T, D, L, M, N, B, G, H thể hiện loại hóa đơn điện tử được sử dụng, cụ thể:  Chữ T: Áp dụng đối với hóa đơn điện tử do các doanh nghiệp, tổ chức, hộ, cá nhân kinh doanh đăng ký sử dụng với cơ quan thuế.\n- Hai ký tự cuối là chữ viết do người bán tự xác định căn cứ theo nhu cầu quản lý. Trường hợp người bán sử dụng nhiều mẫu hóa đơn điện tử trong cùng một loại hóa đơn thì sử dụng hai ký tự cuối nêu trên để phân biệt các mẫu hóa đơn khác nhau trong cùng một loại hóa đơn. Trường hợp không có nhu cầu quản lý thì để là YY.\n[https://helpv4.meinvoice.vn/wp-content/uploads/2021/11/r47_web_ktm_hoa_don_ko_co_ma_01.jpg]\n\n\nBước 3: Chọn phương thức chuyển dữ liệu hóa đơn điện tử đến CQT.\n1. Nếu chọn phương thức chuyển đầy đủ nội dung từng hóa đơn đến cơ quan thuế thì ngay sau khi hóa đơn được gửi cho khách hàng, chương trình sẽ tự động chuyển dữ liệu hóa đơn điện tử đến cơ quan thuế.\n\n2. Nếu chọn phương thức chuyển dữ liệu hóa đơn theo bảng tổng hợp dữ liệu hóa đơn điện tử thì định kỳ theo kỳ kê khai thuế GTGT đơn vị đang áp dụng (theo tháng/quý) kế toán lập bảng tổng hợp dữ liệu hóa đơn gửi cơ quan thuế.\n[https://helpv4.meinvoice.vn/wp-content/uploads/2021/11/r47_web_ktm_hoa_don_ko_co_ma_02.jpg]\n\n3. Có thể thiết kế logo, hình nền hiển thị trên mẫu hóa đơn (nếu không có nhu cầu nhấn Bỏ qua)\n[https://helpv4.meinvoice.vn/wp-content/uploads/2021/11/KTM_Hd_ko_ma_05.gif]\n\n4. Có thể xem mẫu hóa đơn dạng chuyển đối, mẫu hóa đơn phát sinh chiết khấu, dạng, mẫu hóa đơn phát sinh ngoại tệ.\n[https://helpv4.meinvoice.vn/wp-content/uploads/2021/11/ktm_hd_ko_ma_06.gif]\n\n5. Có thể thiết lập lại cách hiển thị các thông tin trên hóa đơn.\n[https://helpv4.meinvoice.vn/wp-content/uploads/2021/11/ktm_hd_ko_ma_07.gif]\n\n\nBước 4: Nhấn Lưu để hoàn thành việc khởi tạo mẫu hóa đơn điện tử.
MISA meInvoice Web - Khởi tạo mẫu hóa đơn$Chuyển mẫu hóa đơn theo nghị định 51/2010/NĐ-CP sang mẫu hóa đơn có mã theo nghị định 123/2020/NĐ-CP$Bước 1: Tại danh sách mẫu hóa đơn, nhấn chọn Chuyển từ mẫu cũ theo NĐ51.\n[https://helpv4.meinvoice.vn/wp-content/uploads/2021/12/chuyen_doi_sang-mau_hoa_don_co_ma_01-1.png]\n\n\nBước 2: Chương trình hiển thị danh sách mẫu hóa đơn theo nghị định 51/2010/NĐ-CP, tại mẫu hóa đơn cần chuyển đổi sang nghị định 123/2020/NĐ-CP, nhấn Chuyển đổi.\n[https://helpv4.meinvoice.vn/wp-content/uploads/2021/12/chuyen_doi_sang-mau_hoa_don_co_ma_02-1-768x384.png]\nLưu ý:\n- Có thể xem lại mẫu hóa đơn trước khi chuyển đổi bằng cách nhấn Xem.\n- Với mẫu hóa đơn khởi tạo từ phần mầm mềm MIMOSA và mẫu hóa đơn khởi tạo trước ngày 06/10/2020 thì không thể chuyển đổi lên mẫu hóa đơn theo nghị định 123/2020/NĐ-CP (chương trình sẽ hiển thị trạng thái Không thể chuyển đổi)\n- Hiện tại, danh sách mẫu hóa đơn theo nghị định 51/2010/NĐ-CP vẫn lấy lên cả những mẫu đã được chuyển đổi.\n\n\nBước 3: Chuyển đổi mẫu hóa đơn theo nghị định 123/2020/NĐ-CP.\n1. Chọn hình thức hóa đơn đơn vị sử dụng.\n\n2. Khai báo thông tin mẫu hóa đơn mới. Xem hướng dẫn đặt mẫu số, ký hiệu hóa đơn theo nghị định 123/2020/NĐ-CP tại [https://helpv4.meinvoice.vn/kb/mau-so-ky-hieu-hoa-don-dien-tu-theo-quy-dinh-tai-nghi-dinh-123-2020-nd-cp-khac-gi-so-voi-quy-dinh-cu/].\n[https://helpv4.meinvoice.vn/wp-content/uploads/2021/12/R47_web_chuyen-doi_mau_hd_01-768x451.jpg]\n\n3. Phương thức chuyển nội dung hóa đơn đến CQT:\n- Nếu chọn HĐ có mã của CQT: Chương trình mặc định tích chọn phương thức chuyển đầy đủ nội dung từng hóa đơn.\n- Nếu chọn HĐ không có mã của CQT: Xem hướng dẫn cách chọn phương thức chuyển dữ liệu hóa đơn đến cơ quan thuế tại [https://helpv3.meinvoice.vn/kb/chon-phuong-thuc-chuyen-du-lieu-hoa-don-dien-tu-den-cqt/].\n[https://helpv4.meinvoice.vn/wp-content/uploads/2021/12/R47_web_chuyen-doi_mau_hd_02-768x451.jpg]\n\n4. Có thể xem trước mẫu hóa đơn chuyển đổi bằng cách nhấn Xem trước thay đổi.\n[https://helpv4.meinvoice.vn/wp-content/uploads/2021/12/R47_web_chuyen-doi_mau_hd_03-768x412.jpg]\n\n\nBước 4: Nhấn Đồng ý, chương trình thông báo chuyển đổi mẫu thành công.\n[https://helpv4.meinvoice.vn/wp-content/uploads/2021/12/chuyen_doi_sang-mau_hoa_don_co_ma_05-1.png]\n\n\nBước 5: Nhấn Đóng, trên danh sách mẫu hóa đơn hiển thị mẫu hóa đơn chuyển đổi.\n[https://helpv4.meinvoice.vn/wp-content/uploads/2021/12/chuyen_doi_sang-mau_hoa_don_co_ma_06-1-768x146.png]
MISA meInvoice Web - Phân quyền sử dụng hóa đơn$Phân quyền sử dụng hóa đơn$Bước 1: Truy cập và đăng nhập vào Webside: [http://meInvoice.vn].\n[https://helpv4.meinvoice.vn/wp-content/uploads/2019/12/web_dangnhap_01.png]\n\n\nBước 2: Vào mục Hệ thống\\ chọn Quản lý người dùng\\ nhấn Thêm mới người dùng.\n[https://helpv4.meinvoice.vn/wp-content/uploads/2019/12/phan_quyen_nguoi_dung_01-1.png]\n\n\nBước 3: Khai báo thông tin người dùng\n1. Phân Quyền truy cập cho người dùng:\na. Quyền Quản trị: Được thực hiện tất cả chức năng trên phần mềm.\nb. Quyền Người dùng: Không có quyền phân quyền (không nhìn thấy mục Người sử dụng) và không có quyền Xác nhận thỏa thuận sử dụng dịch vụ.\n[https://helpv4.meinvoice.vn/wp-content/uploads/2019/12/phan_quyen_nguoi_dung_02.png]\n\n2. Phân quyền chức năng cho người dùng.\n- Chọn tab Phân quyền chức năng.\n- Chọn chức năng trên màn hình danh sách chức năng.\n- Tích chọn các hoạt động cho phép người dùng sử dụng tương ứng với chức năng đó.\n[https://helpv4.meinvoice.vn/wp-content/uploads/2019/12/phan_quyen_nguoi_dung_03.png]\n\n3. Phân quyền mẫu hóa đơn cho người dùng (Đối với vai trò Người dùng)\n- Chọn tab Phân quyền mẫu hóa đơn.\n- Tích chọn mẫu hóa đơn cho phép người dùng sử dụng.\n[https://helpv4.meinvoice.vn/wp-content/uploads/2019/12/phan_quyen_nguoi_dung_05.png]\nLưu ý: Người dùng được phân quyền làm việc với mẫu hóa đơn tạo năm 2021 (ví dụ mẫu 2C21TYT) thì sang năm mới (năm 2022), chương trình tự động chuyển sang mẫu 2C22TYT và người dùng vẫn có quyền làm việc với mẫu hóa đơn đó.\n\n4. Phân quyền theo đơn vị: Dành cho đơn vị quản lý hóa đơn theo khu vực xuất.\n\n\nBước 4: Nhấn Lưu hoặc Lưu và Thêm.\n\n\nBước 5: Sau khi được phân quyền, người dùng sẽ nhận được 1 email thông báo cấp quyền sử dụng meInvoice.\n\n\nBước 6: Người dùng đăng nhập meInvoice Web để kích hoạt tài khoản.\nNhấn Đăng nhập ngay.\n[https://helpv4.meinvoice.vn/wp-content/uploads/2019/12/r18_desktop_dang_nhap_sau_khi_duoc_phan-quyen1-768x388.png
MISA meInvoice Web - Thiết lập Email gửi hóa đơn$Thiết lập Email gửi hóa đơn$Bước 1: Vào mục Hệ thống\\ chọn Emai gửi hóa đơn.\n[https://helpv4.meinvoice.vn/wp-content/uploads/2020/01/thiet_lap_email_gui_hd_01.jpg]\n\n\nBước 2: Chọn Nhà cung cấp dịch vụ Email.\n1. Dịch vụ email MISA\nChương trình sẽ dùng dịch vụ email của MISA để gửi hóa đơn cho người mua, khách hàng không cần thiết lập máy chủ gửi email.\n[https://helpv4.meinvoice.vn/wp-content/uploads/2020/01/mail_reply.png]\n\n2. Một trong những nhà cung cấp: Gmail\n2.1. Đăng nhập tài khoản Google. Tại phần Chọn ứng dụng chọn Khác (Tên tùy chỉnh).\n[https://helpv4.meinvoice.vn/wp-content/uploads/2019/12/thiet_lap_cai_dat_gmail_0014.png]\n2.2. Nhập tên ứng dụng muốn tạo mật khẩu (đặt tên bất kỳ Ví dụ: meinvoice, HDDT…), nhấn Tạo\n[https://helpv4.meinvoice.vn/wp-content/uploads/2019/12/thiet_lap_cai_dat_gmail_0015.png]\n2.3. Lúc này, gmail đã tạo mật khẩu để thiết lập email gửi hóa đơn điện tử trên MISA MEINVOICE, MISA SME.NET, anh/chị lưu lại thông tin mật khẩu này. Nhấn Xong.\n[https://helpv4.meinvoice.vn/wp-content/uploads/2019/12/thiet_lap_cai_dat_gmail_0016.png]\n2.4. Thiết lập thông tin máy chủ gửi mail trên meInvoice.\n[https://helpv4.meinvoice.vn/wp-content/uploads/2020/01/r20_Web_ch%E1%BB%8Dn_ban_lam_viec03.png]\n- Tên người gửi/Email gửi: các thông tin này sẽ được sử dụng để người nhận email biết được thông tin người gửi (trên email sẽ hiển thị thông tin “From: Tên người gửi/Email gửi” khai báo tại đây. Ví dụ: From: Công ty TNHH XYZ.)\n- Tên đăng nhập và Mật khẩu: Là tài khoản đăng nhập vào gmail của người gửi.\n- Nhấn Kiểm tra thiết lập để xem thông tin về cấu hình email có đúng hay không => Nếu chưa đúng thì thực hiện thiết lập lại.\n- Nhấn Lưu. Khi gửi hóa đơn cho khách hàng, chương trình sẽ thực hiện gửi từ email đã thiết lập, với tiêu đề email chứa tên công ty được khai báo ở trên.\n\n3. Nếu chọn một trong các nhà cung cấp: Hotmail; Outlook Mail; Yahoo Mail\n- Chọn nhà cung cấp.\n[https://helpv4.meinvoice.vn/wp-content/uploads/2020/01/thiet_lap_email_gui_hd_02.jpg]\n- Tên người gửi/Email gửi: các thông tin này sẽ được sử dụng để người nhận email biết được thông tin người gửi (trên email sẽ hiển thị thông tin “From: Tên người gửi/Email gửi” khai báo tại đây. Ví dụ: From: Công ty TNHH XYZ.)\n- Tên đăng nhập và Mật khẩu: Là tài khoản đăng nhập vào email của người gửi (Ví dụ: Tài khoản Yahoo…)
MISA meInvoice Web - Khai báo danh mục$Khai báo danh mục khách hàng$Bước 1: Vào Danh mục, chọn Khách hàng.\nBước 2: Nhấn Thêm mới.\nBước 3: Khai báo thông tin khách hàng:\n[https://helpv3.meinvoice.vn/wp-content/uploads/2019/12/nhap_khau_khach_hang_02.png]\n1. Lựa chọn khách hàng cần khai báo là Tổ chức hoặc Cá nhân.\n2. Nhập Mã số thuế của khách hàng sau đó nhấn Lấy thông tin, chương trình tự động lấy lên Tên khách hàng và Địa chỉ theo dữ liệu của cơ quan thuế (hoặc có thể tự khai báo các thông tin này nếu muốn).\n3. Với tổ chức không có Mã số thuế thì bỏ trống thông tin này.\nLưu ý: Khi thực hiện chức năng Lấy thông tin từ Mã số thuế của khách hàng thì chương trình tự động kiểm tra tình trạng hoạt động của khách hàng đó.\n4. Khai báo các thông tin chi tiết khác về khách hàng => Bắt buộc phải khai báo các thông tin có ký hiệu (*).\n[https://helpv3.meinvoice.vn/wp-content/uploads/2019/12/danh_muc_khach_hang.png]\n\nBước 4: Nhấn Lưu.\nLưu ý: Với các khách hàng không còn giao dịch nữa, nhấn Sửa và tích chọn Ngừng theo dõi => Khi lập hóa đơn điện tử, các khách hàng đã ngừng theo dõi sẽ không hiển thị tại mục Khách hàng nữa.\n[https://helpv3.meinvoice.vn/wp-content/uploads/2019/12/danh_muc_khach_hang02.png]\n
MISA meInvoice Web - Khai báo danh mục$Khai báo danh mục hàng hóa, dịch vụ$Bước 1: Vào Danh mục, chọn Hàng hóa, dịch vụ.\nBước 2: Nhấn Thêm mới.\nBước 3: Khai báo thông tin hàng hóa, dịch vụ.\n[https://helpv4.meinvoice.vn/wp-content/uploads/2019/12/R30_web_them_HH_01.png]\nLưu ý:\n1. Bắt buộc phải khai báo các thông tin có ký hiệu (*).\n2. Mục Nhóm HHDV, nếu khai báo:\n- Trên Báo cáo thống kê số lượng hóa đơn đã phát hành sẽ thống kê được giá trị hóa đơn đã phát hành theo từng nhóm hàng hóa , dịch vụ phục vụ nhu cầu quản lý của đơn vị.\n- Để khai báo thông tin hàng hóa, dịch vụ theo nhóm cần thiết lập danh mục Nhóm hàng hóa, dịch vụ.\n- Thuế GTGT (%): Nhập mức thuế suất tương ứng của hàng hóa, dịch vụ trong đó:\n+ Mức KCT: dành cho hàng hóa, dịch vụ không chịu thuế.\n+ Mức KKKNT: Thuế suất trống và tiền thuế bằng 0.\n+ Mức KHAC: Thuế suất trống và tiền thuế >0 (thường sử dụng trong lĩnh vực Hàng Hải)\n[https://helpv4.meinvoice.vn/wp-content/uploads/2019/12/R30_web_them_HH_02.png]\n\n\nBước 4: Nhấn Lưu.\nLưu ý: Với các Hàng hóa, dịch vụ không còn kinh doanh nữa tích chọn Ngừng theo dõi
MISA meInvoice Web - Khai báo danh mục$Khai báo danh mục loại tiền$Bước 1: Vào Danh mục, chọn Loại tiền.\nBước 2: Chọn loại tiền muốn sửa đổi thông tin, nhấn biểu tượng\n[https://helpv4.meinvoice.vn/wp-content/uploads/2020/04/r22_icon.png]\n(hoặc nhấn Thêm mới để bổ sung loại tiền mới).\nBước 3: Khai báo thông tin chi tiết về loại tiền:\n1. Bắt buộc phải khai báo các thông tin có ký hiệu (*).\n2. Nhập Tỷ giá quy đổi: Khi xuất hóa đơn bằng ngoại tệ chương trình sẽ ngầm định theo tỷ giá này, giúp tiết kiệm thời gian nhập liệu.\n3. Thiết lập Cách đọc số tiền bằng chữ để hiển thị trên các hóa đơn in ra:\n- Tỷ lệ chuyển đổi: Là tỷ lệ chuyển đổi giữa loại tiền và số tiền sau thập phân (Ví dụ: 1 đô la mỹ = 100 xen)\n- Sau khi thiết lập xong cách đọc số tiền bằng chữ: nhập số tiền rồi nhấn Đọc để xem trước cách hiển thị số tiền trên hóa đơn in ra.\n[https://helpv4.meinvoice.vn/wp-content/uploads/2020/04/r22_Web_loai_tien02.png]\n\n\nBước 4: Nhấn Lưu.\nLưu ý: Với các loại tiền không có nhu cầu theo dõi nữa, sử dụng chức năng Sửa, sau đó tích chọn Ngừng theo dõi => Khi lập hóa đơn điện tử bằng ngoại tệ, các Loại tiền đã ngừng theo dõi sẽ không hiển thị tại mục Loại tiền nữa.
MISA meInvoice Web - Khai báo danh mục$Quản lý hóa đơn theo đơn vị xuất$Bước 1: Khai báo danh mục đơn vị\n[https://helpv4.meinvoice.vn/wp-content/uploads/2021/05/R35_Web_quan_ly_hoa_don_theo_don_vi_01.png]\nLưu ý:\n1. Chương trình tự động sinh đơn vị cấp 1 theo thông tin khai báo khi đặt mua hóa đơn điện tử, có thể sửa lại (nếu cần) nhưng không được phép xóa.\n2. Chương trình đáp ứng khai báo đến đơn vị cấp 3.\n[https://helpv4.meinvoice.vn/wp-content/uploads/2021/05/R35_Web_quan_ly_hoa_don_theo_don_vi_02.png]\n3. Sau khi khai báo danh mục Đơn vị xuất hóa đơn, trên giao diện lập hóa đơn hiển thị mục Đơn vị lập hóa đơn và danh sách đơn vị đã khai báo.\n[https://helpv4.meinvoice.vn/wp-content/uploads/2021/05/R35_Web_quan_ly_hoa_don_theo_don_vi_10.png]\n4. Có thể thiết lập Ngừng sử dụng đối với đơn vị không còn nhu cầu quản lý khi đó danh sách đơn vị trên giao diện lập hóa đơn sẽ không hiển thị đơn vị Ngừng sử dụng.\n[https://helpv4.meinvoice.vn/wp-content/uploads/2021/05/R35_Web_quan_ly_hoa_don_theo_don_vi_09.png]\n\n\nBước 2: Phân quyền người dùng theo đơn vị\n1. Phân quyền người dùng theo đơn vị ngay trên thông báo sau khi khai báo đơn vị.\n- Nhấn Có trên thông báo.\n- Tích chọn người dùng muốn phân quyền làm việc trên đơn vị, nhấn Đồng ý.\n[https://helpv4.meinvoice.vn/wp-content/uploads/2021/05/r35_PHAN_QUYEN_NG_DUNG010.png]\n2. Hoặc vào Hệ thống\\Quản lý người dùng để thực hiện: Các bước phân quyền người dùng theo đơn vị xuất hóa đơn tương tự như phân quyền người dùng thông thường.\n- Tại mục Đơn vị: Chọn đơn vị mà người dùng trực thuộc.\n- Tại tab Phân quyền theo đơn vị: Người dùng trực thuộc đơn vị nào thì được phép làm việc trên đơn vị đó, ngoài ra có thể phân quyền cho người dùng làm việc trên các đơn vị khác.\n[https://helpv4.meinvoice.vn/wp-content/uploads/2021/05/R35_Web_quan_ly_hoa_don_theo_don_vi_04.png]\n\n\nBước 3: Lập và phát hành hóa đơn theo đơn vị.\n1. Tại mục Đơn vị lập hóa đơn, xuất hóa đơn tại đơn vị nào thì chọn đơn vị đó.\n[https://helpv4.meinvoice.vn/wp-content/uploads/2021/05/R35_Web_quan_ly_hoa_don_theo_don_vi_06.png]\n2. Lưu ý\n- Nếu người dùng chỉ được phân quyền làm việc trên 1 đơn vị thì trên giao diện lập hóa đơn sẽ không hiển thị thông tin Đơn vị lập hóa đơn, hóa đơn được lập sẽ thuộc đơn vị mà người dùng được phân quyền.\n- Nhập khẩu hóa đơn theo đơn vị.\n\n\nBước 4: Quản lý hóa đơn theo đơn vị\n1. Tra cứu, tìm kiếm hóa đơn theo đơn vị trên danh sách hóa đơn\n- Trên danh sách hóa đơn hiển thị cột Đơn vị.\n[https://helpv4.meinvoice.vn/wp-content/uploads/2021/05/R35_Web_quan_ly_hoa_don_theo_don_vi_07.png]\n- Có thể lọc xem danh sách hóa đơn của từng đơn vị.\n[https://helpv4.meinvoice.vn/wp-content/uploads/2021/05/R35_Web_quan_ly_hoa_don_theo_don_vi_08.png]\n\n2. Xem các báo cáo về tình hình sử dụng hóa đơn theo đơn vị\n[https://vimeo.com/560694780]\nLưu ý:\n- Cột Đơn vị và tham số lọc theo đơn vị chỉ tự động hiển thị trên danh sách hóa đơn, báo cáo nếu người dùng có quyền làm việc trên nhều đơn vị.\n- Nếu người dùng chỉ có quyền làm việc trên 1 đơn vị thì danh sách hóa đơn, báo cáo lấy lên dữ liệu của đơn vị mà người dùng có quyền, nếu muốn hiển thị cột Đơn vị trên danh sách/báo cáo thì người dùng phải tự thiết lập.\n[https://helpv4.meinvoice.vn/wp-content/uploads/2021/05/R35_Web_quan_ly_hoa_don_theo_don_vi_11.png]
MISA meInvoice Web - Nghiệp vụ hóa đơn$Lập hóa đơn (có mã)$Tại tab Hóa đơn bán hàng, nhấn Thêm mới\n[https://helpv4.meinvoice.vn/wp-content/uploads/2021/10/lap-hd-1-768x392.png]\n2. Điền đầy đủ các thông tin trên hóa đơn\n[https://helpv4.meinvoice.vn/wp-content/uploads/2021/10/lap-hoa-don-4.gif]
MISA meInvoice Web - Nghiệp vụ hóa đơn$Phát hành hóa đơn (có mã)$Kế toán có thể phát hành hóa đơn điện tử theo 1 trong 2 cách:\nI. Phát hành từng hóa đơn điện tử:\nCó thể thực hiện phát hành từng hóa đơn điện tử theo 1 trong 2 cách:\nCách 1: Phát hành hóa đơn điện tử trên danh sách Hóa đơn\n1. Vào danh sách hóa đơn, thiết lập điều kiện tìm kiếm hóa đơn cần phát hành.\n[https://helpv4.meinvoice.vn/wp-content/uploads/2021/10/loc-hoa-don-768x392.png]\n2. Tích chọn hóa đơn cần phát hành, nhấn Phát hành.\n[https://helpv4.meinvoice.vn/wp-content/uploads/2021/10/loc-hoa-don_2-1-768x304.png]\n3. Tích chọn Gửi hóa đơn cho khách hàng: Nếu muốn chương trình tự động gửi thông tin về hóa đơn điện tử cho khách hàng ngay sau khi nhận được mã của cơ quan thuế.\n[https://helpv4.meinvoice.vn/wp-content/uploads/2021/10/phat-hanh-hd.png]\n4. Nhấn Phát hành, lựa chọn chứng thư số, chương trình đồng thời cấp số hóa đơn và phát hành hóa đơn điện tử. Chọn chứng thư số của đơn vị\\ nhấn OK.\n[https://helpv4.meinvoice.vn/wp-content/uploads/2019/12/R34_Web_phat_hanh_hoa_don_05-1-300x233.png]\n5. Sau khi phát hành thành công, hóa đơn được gửi lên cơ quan thuế chờ cấp mã.\n- Trường hợp hóa đơn hợp lệ, cơ quan thuế thực hiện cấp mã và gửi về thông điệp kết quả cấp mã của cơ quan thuế, hệ thống đồng thời cập nhật Mã của cơ quan thuế trạng thái hóa đơn thành Đã cấp mã\n[https://helpv4.meinvoice.vn/wp-content/uploads/2021/10/H1-768x365.png]\n- Trường hợp hóa đơn không hợp lệ, cơ quan thuế thực hiện cấp mã và gửi về thông điệp kết quả kiểm tra dữ liệu hóa đơn điện tử – hóa đơn không đủ điều kiện cấp mã, hệ thống cập nhật trạng thái hóa đơn thành Từ chối cấp mã.\n\nCách 2: Phát hành hóa đơn điện tử ngay trên các hóa đơn đã lập.\n1. Sau khi lập hóa đơn điện tử, Nhấn Lưu và Phát hành.\n[https://helpv4.meinvoice.vn/wp-content/uploads/2021/10/phat-hanh-cach-2-768x670.png]\n2. Thực hiện các bước tiếp theo tương tự như cách 1.\n\n\nII. Phát hành hàng loạt hóa đơn điện tử.\n1. Tích chọn các hóa đơn muốn phát hành trên danh sách hóa đơn, nhấn Phát hành.\n[https://helpv4.meinvoice.vn/wp-content/uploads/2021/10/phat-hanh-hang-loat-768x349.png]\n\n2. Tích chọn Gửi HĐ nếu muốn chương trình tự động gửi hóa đơn điện tử cho khách hàng ngay sau khi thực hiện chức năng phát hành hóa đơn điện tử.\n- Tên người nhận và Email người nhận: Lấy theo thông tin Người mua hàng và Email trên hóa đơn, tuy nhiên vẫn có thể thay đổi lại các thông tin này (nếu cần).\n- Thông tin Mẫu số, Ký hiệu, Ngày hóa đơn được lấy theo thông tin trên hóa đơn. Số hóa đơn sẽ được cấp liên tục tương ứng với từng mẫu hóa đơn theo Thông báo phát hành hóa đơn đã có hiệu lực.\n[https://helpv4.meinvoice.vn/wp-content/uploads/2021/10/nhan-gugi-768x408.png]\n\n3. Nhấn Phát hành.\n\n4. Lựa chọn chứng thư số, chương trình sẽ thực hiện phát hành hóa đơn điện tử.
MISA meInvoice Web - Nghiệp vụ hóa đơn$Gửi hóa đơn điện tử cho khách hàng (có mã)$Cách 1: Gửi lần lượt từng hóa đơn\n1. Trên danh sách hóa đơn, tại dòng hóa đơn cần gửi. Nhấn chọn Gửi hóa đơn cho KH.\n2. Nhập thông tin người nhận và nhấn Gửi\n[https://helpv4.meinvoice.vn/wp-content/uploads/2021/11/Xuat-tung-hd.gif]\n\n\nCách 2: Gửi đồng loạt nhiều hóa đơn\n1. Tích chọn nhiều hóa đơn muốn gửi.\n2. Có thể thay đổi thông tin (tên, địa chỉ mail) của người nhận.\n3. Nhấn Gửi.\n[https://helpv4.meinvoice.vn/wp-content/uploads/2021/11/gui-hd-hang-loat.gif]
MISA meInvoice Web - Nghiệp vụ hóa đơn$Tra cứu lịch sử truyền nhận dữ liệu HĐĐT với cơ quan thuế (có mã)$1. Xem tại mục Lịch sử truyền nhận.\n[https://helpv4.meinvoice.vn/wp-content/uploads/2021/11/tra-cuu-lich-su-truyen-nhan.gif]\n\n2. Chi tiết thông điệp truyền nhận.\n[https://helpv4.meinvoice.vn/wp-content/uploads/2021/11/thong-diep.png]\n\n3. Có thể xem chi tiết tờ khai/thông báo sai sót bằng cách nhấn vào Số tờ khai/Số TB của NNT.\n[https://helpv4.meinvoice.vn/wp-content/uploads/2021/11/xem_lich_su_truyen_nhan.gif]\n\n4. Xem chi tiết nhật ký truyền nhận dữ liệu của tờ khai/hóa đơn/thông báo sai sót bằng cách nhấn đúp chuột vào dòng dữ liệu.\n[https://helpv4.meinvoice.vn/wp-content/uploads/2021/11/xem_lich_su_truyen_nhan_02.gif]
MISA meInvoice Web - Nghiệp vụ hóa đơn$Chuyển hóa đơn điện tử thành hóa đơn giấy (có mã)$I. Chuyển từng hóa đơn điện tử thành hóa đơn giấy\n1. Tại hóa đơn cần chuyển thành hóa đơn giấy trên danh sách hóa đơn, chọn Chuyển thành hóa đơn giấy.\n[https://helpv4.meinvoice.vn/wp-content/uploads/2021/12/chuyen_hoa_don-co_ma_thanh_hoa_don_giay_01-1.gif]\n2. Khai báo thông tin Người chuyển đổi, ngày chuyển đổi, nhấn Chuyển đổi.\n[https://helpv4.meinvoice.vn/wp-content/uploads/2021/12/chuyenr_hoa_don_co_ma_thanh_Hoa_don_giay_02-1.png]\n3. Trên hóa đơn hiển thị dấu hiệu nhận biết hóa đơn điện tử chuyển đổi thành hóa đơn giấy.\n[https://helpv4.meinvoice.vn/wp-content/uploads/2021/12/chuyen_hoa_don_co_ma_thanh_Hoa_don_giay_03.png]\n\nII. Chuyển hàng loạt hóa đơn điện tử thành hóa đơn giấy\n1. Tại danh sách hóa đơn, tích chọn hàng loạt hóa đơn cần chuyển thành hóa đơn giấy.\n[https://helpv4.meinvoice.vn/wp-content/uploads/2021/12/chuyen_hoa_don_co_ma_thanh_hoa_don_giay_02.gif]\n2. Khai báo thông tin Người chuyển đổi, ngày chuyển đổi, nhấn Chuyển đổi.\n[https://helpv4.meinvoice.vn/wp-content/uploads/2021/12/chuyenr_hoa_don_co_ma_thanh_Hoa_don_giay_03.png]\n3. Chương trình chuyển cùng lúc hàng loạt hóa đơn thành hóa đơn giấy.
MISA meInvoice Web - Nghiệp vụ hóa đơn$Xử lý hóa đơn có mã CQT sai sót$Trường hợp 1: Người bán tự phát hiện sai sót, hóa đơn chưa gửi cho khách hàng.\nBước 1: Hủy hóa đơn có mã sai sót\n[https://helpv4.meinvoice.vn/kb/huy-hoa-don-co-ma/#buoc-1-thuc-hien-huy-hoa-don-tren-phan-mem]\n\nBước 2: Lập và phát hành hóa đơn mới cho khách hàng\n[https://helpv4.meinvoice.vn/kb/lap-hoa-don-co-ma/]\n[https://helpv4.meinvoice.vn/kb/phat-hanh-hoa-don-co-ma/]\n\nBước 3: Lập thông báo HĐ sai sót gửi cơ quan thuế\n[https://helpv4.meinvoice.vn/kb/huy-hoa-don-co-ma/#buoc-2-thuc-hien-lap-thong-bao-sai-sot]\n\n\nTrường hợp 2: Người bán phát hiện hóa đơn sai sót sau khi gửi cho khách hàng, sai về Tên; Địa chỉ người mua, các thông tin khác không sai sót.\nBước 1: Gửi thông báo cho người mua về hóa đơn sai sót và không cần lập lại HĐ.\n[https://helpv4.meinvoice.vn/kb/dieu-chinh-thong-tin-hoa-don-co-ma/#buoc-1-gui-thong-bao-cho-nguoi-mua-ve-hoa-don-sai-sot]\n\nBước 2: Lập thông báo HĐ sai sót gửi cơ quan thuế\n[https://helpv4.meinvoice.vn/kb/thong-bao-hoa-don-sai-sot-ten-di%cc%a3a-chi%cc%89-khong-sai-thong-tin-khac-voi-cqt/#buoc-2-lap-thong-bao-hoa-don-dien-tu-sai-sot-gui-co-quan-thue]\n\n\nTrường hợp 3: Người bán tự phát hiện hóa đơn sai sót sau khi gửi cho khách hàng, sai về Mã số thuế; sai Số tiền ghi trên hóa đơn; sai Tiền thuế; Thuế suất; hoặc Hàng hóa ghi trên hóa đơn không đúng quy cách, chất lượng.\nNgười bán và người mua tự thỏa thuận với nhau để chọn 1 trong 2 cách giải quyết.\nCách 1: Lập hóa đơn điều chỉnh cho hóa đơn sai sót\n[https://helpv4.meinvoice.vn/kb/lap-va-phat-hanh-hoa-don-dieu-chinh-hoa-don-co-ma/]\n\nCách 2: Hủy hóa đơn sai sót và lập hóa đơn thay thế\n[https://helpv4.meinvoice.vn/kb/xoa-hoa-don-va-lap-hoa-don-thay-the-hoa-don-co-ma/]\n\n\nTrường hợp 4: Cơ quan thuế phát hiện sai sót và thông báo đến người bán.\nCơ quan thuế sẽ gửi thông báo rà soát trực tiếp qua email của người nộp thuế\nBước 1: Giải trình với cơ quan thuế về hóa đơn sai sót\n[https://helpv4.meinvoice.vn/kb/dieu-chinh-thong-tin-hoa-don-co-ma/#buoc-2-lap-thong-bao-hoa-don-dien-tu-sai-sot-gui-co-quan-thue]\n\nBước 2: Lập hóa đơn điều chỉnh hóa đơn sai sót hoặc Hủy hóa đơn sai sót và lập hóa đơn thay thế theo thỏa thuận với người mua.\n[https://helpv4.meinvoice.vn/kb/lap-va-phat-hanh-hoa-don-dieu-chinh-hoa-don-co-ma/]\n[https://helpv4.meinvoice.vn/kb/xoa-hoa-don-va-lap-hoa-don-thay-the-hoa-don-co-ma/]


MISA meInvoice Desktop - Cài đặt và kết nối dữ liệu$Cài đặt và kết nối dữ liệu$I. Đối với 1 người dùng phần mềm\nBước 1: Tải bộ cài tại [https://product.misa.vn/misasoftware/eInvoice/Desktop123/MISAmeInvoice123_Setup_Client.exe]\nBước 2: Thực hiện cài đặt.\n1. Click chuột vào biểu tượng phần mềm vừa tải về.\n[https://helpv4.meinvoice.vn/wp-content/uploads/2019/12/tai_bo_cai_01-2.png]\n\n2. Nhấn Tiếp tục.\n[https://helpv4.meinvoice.vn/wp-content/uploads/2019/12/cai_dat_03.png]\n\n3. Nhấn Cài đặt.\n[https://helpv4.meinvoice.vn/wp-content/uploads/2019/12/cai_dat_04.png]\n\n4. Nhấn Hoàn thành.\n[https://helpv4.meinvoice.vn/wp-content/uploads/2019/12/cai_dat_05.png]\n\n\nII. Đối với nhiều người dùng phần mềm\nMô tả: Áp dụng với đơn vị có nhiều người cùng sử dụng phần mềm để lập và phát hành hóa đơn. Khi đó, phần mềm sẽ được triển khai theo mô hình máy trạm – máy chủ (Client – Server). Trong đó, có 01 máy chủ chứa dữ liệu (SQL Server) chung cho cả hệ thống và nhiều máy trạm kết nối vào máy chủ để cùng làm việc và chia sẻ dữ liệu.\n[https://helpv4.meinvoice.vn/wp-content/uploads/2019/12/R5_mohinh_01.png]\nLưu ý:\n- Mô hình này phù hợp khi các máy tính làm việc trong cùng một mạng nội bộ (mạng LAN).\n- Có thể dùng một máy tính vừa đóng vai trò làm máy chủ chứa dữ liệu, vừa đóng vai trò làm máy trạm để làm việc.\nHướng dẫn cài đặt và kết nối dữ liệu:\n1. Máy chủ\nBước 1: Cài đặt bộ cài máy chủ tại [https://product.misa.vn/misasoftware/eInvoice/Desktop123/MISAmeInvoice123_Setup_Server.exe]\nBước 2: Nhấn chuột phải vào biểu tượng MeInvoice Server Mannage, chọn Run as adminstrator.\n[https://helpv4.meinvoice.vn/wp-content/uploads/2019/12/thiet_lap_01.png]\n\nBước 3: Nhấn Tạm dừng.\n[https://helpv4.meinvoice.vn/wp-content/uploads/2019/12/thiet_lap_09.png]\n\nBước 4: Nhấn Thiết lập để thiết lập thông tin dữ liệu:\n- Khai báo Mã số thuế của đơn vị.\n- Tại mục Máy chủ SQL: Nhấn biểu tượng mũi tên, chọn máy chủ lưu dữ liệu: thông thường tên máy chủ có dạng Computer name\\MEINVOICE (VD: NVANH2\\MEINVOICE).\n- Tại mục Thư mục chứa dữ liệu: Có thể nhấn biểu tượng dẫu 3 chấm, để thay đổi lại thư mục chứa dữ liệu theo nhu cầu (nếu cần).\n- Nhấn Đồng ý.\n[https://helpv4.meinvoice.vn/wp-content/uploads/2019/12/r5_destop_thiet_lap_may_chu_24.png]\n\nBước 5: Để các máy trạm có thể có thể ký số qua máy chủ mà không cần phải có chứng thư số, thì thực hiện như sau:\n1. Tích chọn Sử dụng chữ ký số tập trung\n2. Nhấn Thiết lập\n[https://helpv4.meinvoice.vn/wp-content/uploads/2019/12/r5_destop_thiet_lap_may_chu_14.png]\n3. Chọn loại chứng thư số mà đơn vị đang sử dụng.\n[https://helpv4.meinvoice.vn/wp-content/uploads/2019/12/r5_destop_thiet_lap_may_chu_11.png]\n4. Chọn chứng thư số.\n5. Nhấn OK.\n[https://helpv4.meinvoice.vn/wp-content/uploads/2019/12/r5_destop_thiet_lap_may_chu_17.png]\n6. Thiết lập Hình thức ký.\n- Tích chọn Ký tự động và Nhập mã pin chữ ký số.\n[https://helpv4.meinvoice.vn/wp-content/uploads/2019/12/thiet_lap_19.png]\n- Nếu yêu cầu máy trạm nhập mã pin khi thực hiện ký số thì tích chọn Không ký tự động.\n[https://helpv4.meinvoice.vn/wp-content/uploads/2019/12/r5_destop_thiet_lap_may_chu.png]\n- Nhấn Đồng ý.\n7. Nhấn Chạy/tiếp tục.\n[https://helpv4.meinvoice.vn/wp-content/uploads/2019/12/thiet_lap_22.png]\n\n\n2. Máy trạm\nBước 1: Cài đặt bộ cài máy chủ tại [https://product.misa.vn/misasoftware/eInvoice/Desktop123/MISAmeInvoice123_Setup_Client.exe]\nBước 2: Sau khi cài đặt xong bộ cài máy trạm, trên màn hình Desktop sẽ hiển thị biểu tượng của Máy trạm.\nBước 3: Nhấn đúp chuột vào biểu tượng Máy trạm để mở phần mềm.\n[https://helpv4.meinvoice.vn/wp-content/uploads/2021/12/tai_bo_cai_03.png]\n\nBước 4: Nhấn Tệp\\ chọn Thiết lập mô hình triển khai.\nBước 5: Chọn Nhiều người sử dụng phần mềm\\ nhấn Đồng ý.\n[https://helpv4.meinvoice.vn/wp-content/uploads/2019/12/r18_desktop_dang_nhap_may_tram01.png]\n\nBước 6: Khai báo các thông tin đăng nhập vào phần mềm.\nThông tin Máy chủ/Mã số thuế: Để biết thông tin Máy chủ/Mã số thuế thực hiện như sau: Trên máy tính cài đặt máy chủ, nhấn đúp chuột vào biểu tượng MeInvoice Sever Manager.\n[https://helpv4.meinvoice.vn/wp-content/uploads/2019/12/r18_desktop_dang_nhap_may_tram03-1.png]
MISA meInvoice Desktop - Thiết lập thông tin hồ sơ hóa đơn điện tử$Thiết lập thông tin hồ sơ hóa đơn điện tử$I. Dành cho khách hàng chuyển đổi từ hóa đơn theo NĐ 51/2010/NĐ-CP sang hóa đơn theo NĐ 123/2020/NĐ-CP\nBước 1: Vào mục Quy trình\\Hồ sơ hóa đơn điện tử.\n[https://helpv4.meinvoice.vn/wp-content/uploads/2019/12/cap_nhat_thong_tin_don_vi_.png]\n\nBước 2: Chọn hình thức hóa đơn sử dụng theo thông báo của CQT.\n\nBước 3: Cập nhật Thông tin liên hệ bao gồm Thông tin hiển thị trên hóa đơn điện tử và Thông tin hiển thị trên các hồ sơ gửi cơ quan thuế để cơ quan thuế gửi các thông báo về hóa đơn điện tử cho doanh nghiệp.\n\nBước 4: Nhấn Cất.\n[https://helpv4.meinvoice.vn/wp-content/uploads/2019/12/cap_nhat_thong_tin_don_vi_01.png]\n\n\nII. Dành cho khách hàng bắt đầu sử dụng hóa đơn điện tử theo nghị định 123/2020/NĐ-CP\nBước 1: Vào mục Quy trình\\Hồ sơ hóa đơn điện tử.\n[https://helpv4.meinvoice.vn/wp-content/uploads/2019/12/cap_nhat_thong_tin_don_vi_.png]\n\nBước 2: Khai báo các thông tin chi tiết của đơn vị.\nLưu ý:\n- Chọn đúng hình thức hóa đơn sử dụng của đơn vị.\n- Các thông tin có dấu * là thông tin bắt buộc nhập.\n- Thông tin Mã số thuế được tự động lấy theo mã số thuế sử dụng khi mua phần mềm meInvoice và không cho phép sửa lại.\n- Cần điền chính xác phần Thông tin liên hệ bao gồm Thông tin hiển thị trên hóa đơn điện tử và Thông tin hiển thị trên các hồ sơ gửi cơ quan thuế để cơ quan thuế gửi các thông báo về hóa đơn điện tử cho doanh nghiệp.\n- Có thể chọn nhanh Ngành nghề kinh doanh của đơn vị bằng cách gõ từ khóa tìm kiếm hoặc nhấn biểu tượng mũi tên để chọn trên danh sách chương trình đã thiết lập sẵn.\n\nBước 3: Nhấn Cất.\n[https://helpv4.meinvoice.vn/wp-content/uploads/2019/12/cap_nhat_thong_tin_don_vi_01.png]\n1. Các thông tin Tên đơn vị, Địa chỉ, Mã số thuế, Số điện thoại, Số TK ngân hàng sẽ được lấy tương ứng lên phần thông tin người bán trên hóa đơn.\n2. Các thông tin còn lại sẽ được ngầm định lấy lên các giao diện liên quan. Ví dụ: Khi lập Thông báo phát hành hóa đơn thông tin Cơ quan thuế sẽ ngầm định theo thông tin Cơ quan thuế quản lý khai báo ở trên.
MISA meInvoice Desktop - Thiết lập ký số$Thiết lập ký số$Bước 1: Vào menu Hệ thống, chọn Thiết lập ký số.\n\n\nBước 2: Chọn hình thức ký số của đơn vị, thiết lập thông tin và nhấn Đồng ý.\nTrường hợp 1: Sử dụng dịch vụ chữ ký điện tử MISA.\n1. Nhấn chọn Dịch vụ chữ ký số điện tử MISA eSign\n2. Nhấn Kết nối ngay.\n[https://helpv4.meinvoice.vn/wp-content/uploads/2020/03/r14_desktop_thiets_lap_ky_so12.jpg]\n3. Đăng nhập tài khoản eSign\n- Khai báo thông tin tài khoản MISA eSign(là thông tin Số điện thoại, email đã đăng ký khi mua chứng thư cung cấp hồ sơ được yêu cầu)\n- Nhấn Đăng nhập.\n[https://helpv4.meinvoice.vn/wp-content/uploads/2020/03/r14_desktop_thiets_lap_ky_so02.jpg]\n4. Nhập mã xác thực ký số(do chương trình cung cấp qua số điện thoại/email đăng ký dịch vụ chữ ký số điện tử MISA)\\ nhấn Đồng ý.\n[https://helpv4.meinvoice.vn/wp-content/uploads/2020/03/r14_desktop_thiets_lap_ky_so03.jpg]\n5. Nhấn Đồng ý.\nTrường hợp dịch vụ MISA eSign đã hết hạn, thực hiện gia hạn bằng cách nhấn Gia hạn.\n[https://helpv4.meinvoice.vn/wp-content/uploads/2020/03/r14_desktop_thiets_lap_ky_so04.jpg]\n\nTrường hợp 2: Ký trực tiếp qua USB\n1. Nhấn Ký trực tiếp qua USB.\n2. Chọn hình thức cắm USB.\n- Đối với đơn vị sử dụng mô hình 1 người dùng.\n+ Nhấn USB cắm trên máy tính.\n+ Nhấn Đồng ý.\n[https://helpv4.meinvoice.vn/wp-content/uploads/2020/03/r14_desktop_thiets_lap_ky_so07.jpg]\n- Đối với đơn vị sử dụng mô hình nhiều người dùng\nKý thông qua máy chủ: Với hình thức này, chỉ cần cắm USB Token vào máy chủ, các máy trạm kết nối với máy chủ để ký điện tử => Áp dụng với đơn vị có nhiều máy tính cùng thực hiện ký điện tử lên hóa đơn.\n\nTrường hợp 3: Ký thông qua máy chủ HSM\n1. Nhấn Ký thông qua máy chủ HSM.\n2. Chọn Hệ thống ký số của Viettel/HSM mà đơn vị đang sử dụng và khai báo tài khoản.\n3. Nhấn Đồng ý.\n[https://helpv4.meinvoice.vn/wp-content/uploads/2020/03/r14_desktop_thiets_lap_ky_so13.jpg]
MISA meInvoice Desktop - Khởi tạo mẫu hóa đơn$Chuyển mẫu hóa đơn đang sử dụng theo nghị định 51/2010/NĐ-CP sang mẫu hóa đơn 123/2020/NĐ-CP$Bước 1: Vào mục Mẫu hóa đơn, nhấn Thêm, chọn Chuyển từ mẫu cũ theo NĐ51.\n[https://helpv4.meinvoice.vn/wp-content/uploads/2021/12/desktop_chuyen_doi_mau_hoa_don_01.png]\n\n\nBước 2: Chương trình hiển thị danh sách mẫu hóa đơn theo nghị định 51/2010/NĐ-CP, tại mẫu hóa đơn cần chuyển đổi sang nghị định 123/2020/NĐ-CP, nhấn Chuyển đổi.\nLưu ý:\n- Có thể xem lại mẫu hóa đơn trước khi chuyển đổi bằng cách nhấn Xem.\n- Với mẫu hóa đơn khởi tạo từ phần mềm MIMOSA và mẫu hóa đơn khởi tạo trước ngày 06/10/2020 thì không thể chuyển đổi lên mẫu hóa đơn theo nghị định 123/2020/NĐ-CP (chương trình sẽ hiển thị trạng thái Không thể chuyển đổi)\n- Hiện tại, danh sách mẫu hóa đơn theo nghị định 51/2010/NĐ-CP vẫn lấy lên cả những mẫu đã được chuyển đổi.\n[https://helpv4.meinvoice.vn/wp-content/uploads/2021/12/desktop_chuyen_doi_mau_hoa_don_02.png]\n\n\nBước 3: Khai báo thông tin mẫu hóa đơn theo nghị định 123/2020/NĐ-CP.\n[https://helpv4.meinvoice.vn/wp-content/uploads/2021/12/desktop_chuyen_doi_mau_hoa_don_03.png]\n\n\nBước 4: Trên danh sách mẫu hóa đơn hiển thị thông tin hóa đơn đã chuyển đổi.\n[https://helpv4.meinvoice.vn/wp-content/uploads/2021/12/desktop_chuyen_doi_mau_hoa_don_04.png]
MISA meInvoice Desktop - Phân quyền sử dụng hóa đơn điện tử$Phân quyền sử dụng hóa đơn điện tử$Bước 1: Đăng nhập vào phần mềm.\n\n\nBước 2: Vào mục Hệ thống\\Quản lý người dùng. Nhấn Thêm trên thanh công cụ.\n[https://helpv4.meinvoice.vn/wp-content/uploads/2019/12/r18_desktop_quan_ly_nguoi_dung02.png]\n\n\nBước 3: Khai báo thông tin người dùng.\n1. Thiết lập Vai trò cho người dùng:\n- Quản trị: Được thực hiện tất cả chức năng và có quyền với tất cả các mẫu hóa đơn trên phần mềm.\n- Người dùng: Không có quyền phân quyền (không nhìn thấy mục Quản lý người dùng), Xác nhận thỏa thuận sử dụng dịch vụ và chỉ có quyền làm việc với các mẫu hóa đơn được phân quyền.\n[https://helpv4.meinvoice.vn/wp-content/uploads/2019/12/r18_desktop_phan_quyen_03.png]\n\n2. Phân quyền chức năng cho người dùng.\n- Phân quyền từng hoạt động tương ứng với từng chức năng ( Đối với vai trò Người dùng)\n+ Chọn tab Phân quyền chức năng.\n+ Chọn chức năng trên màn hình danh sách chức năng.\n+ Tích chọn các hoạt động cho phép người dùng sử dụng tương ứng với chức năng đó. \n[https://helpv4.meinvoice.vn/wp-content/uploads/2019/12/R25_desktop_phan_quyen_danh_muc.png]\n- Khai báo mẫu hóa đơn được phép sử dụng (đối với vai trò Người dùng)\n+ Chọn tab Phân quyền mẫu hóa đơn.\n+ Tích chọn mẫu hóa đơn cho phép người dùng sử dụng.\n[https://helpv4.meinvoice.vn/wp-content/uploads/2019/12/r11_desktop_Phan_quyen_su_dung_hoa_don05.jpg]\n\n\nBước 4: Nhấn Cất hoặc Cất & Thêm.\n\n\nBước 5: Sau khi được phân quyền, người dùng sẽ nhận được 1 email thông báo cấp quyền sử dụng meInvoice.vn.\n\n\nBước 6: Người dùng đăng nhập meInvoice Desktop để kích hoạt tài khoản.\nNhấn Đăng nhập ngay.\n[https://helpv4.meinvoice.vn/wp-content/uploads/2019/12/r18_desktop_dang_nhap_sau_khi_duoc_phan-quyen2-768x388.png]\n\n\nLưu ý:\n1. Tài khoản Quản trị có thể phân quyền lại chức năng người dùng đã thêm bằng cách nhấn chức năng Sửa trên thanh công cụ.\nĐể cắt quyền sử dụng phần mềm, tích chọn Ngừng theo dõi => Khi đó, người dùng này sẽ không thể đăng nhập vào phần mềm được nữa.\n[https://helpv4.meinvoice.vn/wp-content/uploads/2019/12/r11_desktop_Phan_quyen_su_dung_hoa_don06.jpg]\n\n2. Tài khoản Quản trị có thể xóa người dùng bằng cách nhấn nút Xóa trên thanh công cụ.\n\n3. Khi đăng nhập vào phần mềm với vai trò Người dùng, kế toán chỉ có thể làm việc với các mẫu hóa đơn được phân quyền sử dụng (Ví dụ: Danh sách hóa đơn, Danh sách xóa hóa đơn, Phát hành hóa đơn hàng loạt, Chuyển thành chứng từ giấy hàng loạt, Tải hóa đơn hàng loạt, Xóa bỏ hóa đơn, lập Hóa đơn thay thế, lập Hóa đơn điều chỉnh, Xem hóa đơn)
MISA meInvoice Desktop - Khai báo danh mục$Khai báo danh mục khách hàng$Bước 1: Vào phân hệ Danh mục, chọn Khách hàng.\nBước 2: Nhấn Thêm.\nBước 3: Khai báo thông tin khách hàng:\n- Lựa chọn khách hàng cần khai báo là Tổ chức hoặc Cá nhân.\n- Khai báo các thông tin chi tiết về khách hàng => Bắt buộc phải khai báo các thông tin có ký hiệu (*).\nLưu ý: Thông tin người mua hàng trên hóa đơn sẽ được lấy theo thông tin người mua hàng khai báo tại danh mục khách hàng.\n[https://helpv4.meinvoice.vn/wp-content/uploads/2019/12/r18_desktop_tach_thong_tin_nguoi_mua_hang08.jpg]\n\nBước 4: Nhấn Cất.\nLưu ý:\n- Nhấn Sửa nếu muốn thay đổi lại thông tin khách hàng đã khai báo.\n- Với các khách hàng không còn giao dịch nữa, sử dụng chức năng Sửa, sau đó tích chọn Ngừng theo dõi => Khi lập hóa đơn điện tử, các khách hàng đã ngừng theo dõi sẽ không hiển thị tại mục Khách hàng nữa.\n[https://helpv4.meinvoice.vn/wp-content/uploads/2019/12/r18_desktop_tach_thong_tin_nguoi_mua_hang09.jpg]
MISA meInvoice Desktop - Khai báo danh mục$Khai báo danh mục hàng hóa, dịch vụ$Bước 1: Vào phân hệ Danh mục, chọn Hàng hóa, dịch vụ.\nBước 2: Nhấn Thêm.\nBước 3: Khai báo thông tin hàng hóa, dịch vụ.\nLưu ý:\n- Bắt buộc phải khai báo các thông tin có ký hiệu (*).\n- Các thông tin: Đơn vị tính, Đơn giá bán, Thuế suất GTGT (%), Tỷ lệ CK (%) sẽ được lấy lên hóa đơn tương ứng với từng Mã hàng hóa. Vì vậy, để tiết kiệm thời gian và đảm bảo tính chính xác Kế toán nên khai báo đầy đủ và cẩn thận các thông tin này.\n[https://helpv4.meinvoice.vn/wp-content/uploads/2019/12/R1_hanghoa_01.png]\n\nBước 4: Nhấn Cất.\nLưu ý:\n- Nhấn Sửa nếu muốn thay đổi lại thông tin vật tư, hàng hóa đã khai báo.\n- Với các vật tư, hàng hóa không kinh doanh nữa, sử dụng chức năng Sửa, sau đó tích chọn Ngừng theo dõi => Khi lập hóa đơn điện tử, các Hàng hóa, dịch vụ đã ngừng theo dõi sẽ không hiển thị tại cột Mã hàng nữa.\n[https://helpv4.meinvoice.vn/wp-content/uploads/2019/12/R1_hanghoa_02.png]
MISA meInvoice Desktop - Khai báo danh mục$Khai báo danh mục loại tiền$Bước 1: Vào phân hệ Danh mục, chọn Loại tiền.\nBước 2: Chọn loại tiền muốn sửa đổi thông tin, nhấn Sửa (hoặc nhấn Thêm để bổ sung loại tiền mới).\n[https://helpv4.meinvoice.vn/wp-content/uploads/2019/12/loai_tien_01.png]\n\nBước 3: Khai báo thông tin chi tiết về loại tiền:\nLưu ý:\n- Bắt buộc phải khai báo các thông tin có ký hiệu (*).\n- Nhập Tỷ giá quy đổi: Khi xuất hóa đơn bằng ngoại tệ chương trình sẽ ngầm định theo tỷ giá này, giúp tiết kiệm thời gian nhập liệu.\n- Thiết lập Cách đọc số tiền bằng chữ để hiển thị trên các hóa đơn in ra:\n+ Tỷ lệ chuyển đổi: Là tỷ lệ chuyển đổi giữa loại tiền và số tiền sau thập phân (Ví dụ: 1 đô la mỹ = 100 xen)\n+ Sau khi thiết lập xong cách đọc số tiền bằng chữ: nhập số tiền rồi nhấn Đọc để xem trước cách hiển thị số tiền trên hóa đơn in ra.\n[https://helpv4.meinvoice.vn/wp-content/uploads/2019/12/loai_tien_02.png]\n\nBước 4: Nhấn Cất.\nLưu ý:\n- Nhấn Sửa nếu muốn thay đổi lại thông tin loại tiền đã khai báo.\n- Với các loại tiền không có nhu cầu theo dõi nữa, sử dụng chức năng Sửa, sau đó tích chọn Ngừng theo dõi => Khi lập hóa đơn điện tử bằng ngoại tệ, các Loại tiền đã ngừng theo dõi sẽ không hiển thị tại mục Loại tiền nữa.\n[https://helpv4.meinvoice.vn/wp-content/uploads/2019/12/loai_tien_03.png]\n- Có thể xuất khẩu danh sách Loại tiền ra file excel bằng cách sử dụng chức năng Xuất khẩu\n[https://helpv4.meinvoice.vn/wp-content/uploads/2019/12/loai_tien_04.png]
MISA meInvoice Desktop - Khai báo danh mục$Khai báo hình thức thanh toán$Bước 1: Vào phân hệ Danh mục, chọn Hình thức thanh toán.\n\nBước 2: Chọn hình thức thanh toán muốn sửa đổi thông tin, nhấn Sửa (hoặc nhấn Thêm để bổ sung hình thức thanh toán mới).\n[https://helpv4.meinvoice.vn/wp-content/uploads/2019/12/Hinh_thuc_thanh_toan_danh_sach.png]\n\nBước 3: Khai báo thông tin chi tiết về hình thức thanh toán:\nLưu ý: Bắt buộc phải khai báo các thông tin có ký hiệu (*).\n[https://helpv4.meinvoice.vn/wp-content/uploads/2019/12/Hinh_thuc_thanh_toan_sua_chi_tiet.png]\n\nBước 4: Nhấn Cất.\nLưu ý:\n- Nhấn Thêm hoặc Nhân bản nếu muốn thêm hình thức thanh toán mới.\n- Với các hình thức thanh toán không có nhu cầu theo dõi nữa, sử dụng chức năng Xóa hoặc Sửa trên thanh công cụ để xóa hoặc sửa hình thức thanh toán, sau đó tích chọn Ngừng theo dõi\n[https://helpv4.meinvoice.vn/wp-content/uploads/2019/12/Hinh_thuc_thanh_toan_sua_ngung_theo_doi.png]


MISA meInvoice Mobile - Cài đặt và đăng nhập áp vé điện tử trên máy Pos Sunmi, Mobile$Cài đặt và đăng nhập áp vé điện tử trên máy Pos Sunmi, Mobile$Lưu ý: Thiết bị đáp ứng:\nMáy Pos sunmi hệ điều hành: Android.\nMobile hệ điều hành Android, IOS.\n1. Cài đặt\nVào chợ ứng dụng, gõ từ khóa “Vé điện tử“\nChọn App vé điện tử\nNhấn tải và đợi cho đến khi ứng dụng được tải về máy.\n2. Đăng nhập\nĐăng nhập app vé điện tử bằng tài khoản dùng để đăng nhập phần mềm MISA meInvoice.\nLưu ý: Vé điện tử là app độc lập, không dùng chung với app meInvoice mobile.
MISA meInvoice Mobile - Cài đặt ứng dụng meInvoice Mobile$Cài đặt ứng dụng meInvoice Mobile$1. Vào chợ ứng dụng.\n[https://helpv4.meinvoice.vn/wp-content/uploads/2019/05/cai_dat_01-320x676.png]\n2. Gõ từ khóa “meinvoice”\n[https://helpv4.meinvoice.vn/wp-content/uploads/2019/05/cai_dat-2-320x676.png]\n3. Nhấn Cài đặt và đợi đến khi ứng dụng được tải về máy.1. Vào chợ ứng dụng.\n[https://helpv4.meinvoice.vn/wp-content/uploads/2019/05/cai_dat-3-1-320x676.png]\nĐăng nhập app vé điện tử bằng tài khoản dùng để đăng nhập phần mềm MISA meInvoice.\nLưu ý: Vé điện tử là app độc lập, không dùng chung với app meInvoice mobile.
MISA meInvoice Mobile - Đăng nhập vào ứng dụng meInvoice Mobile$Đăng nhập vào ứng dụng meInvoice Mobile$1. Mở ứng dụng meInvoice Mobile.\n[https://helpv4.meinvoice.vn/wp-content/uploads/2019/05/mo_ung_dung-2-320x674.png]\n2. Nhấn Đăng nhập.\n[https://helpv4.meinvoice.vn/wp-content/uploads/2019/05/dang_nhap-1-1-320x676.png]\n3. Khai báo thông tin đăng nhập (là tài khoản để đăng nhập vào MISA MEINVOICE Web)\n[https://helpv4.meinvoice.vn/wp-content/uploads/2020/06/r7_mobile_dang_nhap_01.jpg]\nLưu ý: Trường hợp quên mật khẩu có thể lấy lại mật khẩu bằng cách nhấn Quên mật khẩu, xem hướng dẫn tương tự tại đây.\n4. Nhấn Đăng nhập.\n5. Nếu tài khoản đăng nhập có thiết lập bảo mật 2 lớp. Chương trình yêu cầu nhập mã xác thực.\nNhập mã xác thực.\nNếu không check vào “Không hỏi lại trên thiết bị này” thì mỗi lần đăng nhập đều hiển thị giao diện nhập mã xác thực 2 bước.\nNếu check vào “Không hỏi lại trên thiết bị này” thì từ lần đăng nhập sau sẽ không hiển thị bước nhập mã xác thực 2 bước nữa (nhập đúng mật khẩu thì sẽ đăng nhập được vào phần mềm)\nNhấn Tiếp theo.\n[https://helpv4.meinvoice.vn/wp-content/uploads/2020/06/r7_mobile_dang_nhap_02.jpg]\nLưu ý: Có thể thay đổi phương thực nhận mã xác thực bằng cách nhấn Thử cách khác sau đó chọn phương thức nhận.\n[https://helpv4.meinvoice.vn/wp-content/uploads/2020/06/r7_mobile_dang_nhap_03-1.jpg]
MISA meInvoice Mobile - Khai báo danh mục$Khai báo danh mục hàng hóa, dịch vụ$1. Vào mục Khác\\ chọn Hàng hóa, dịch vụ.\n[https://helpv4.meinvoice.vn/wp-content/uploads/2020/06/r7_mobile_danh_muc_hnag-hoa01.jpg]\n2. Nhấn biểu tượng để thêm mới hàng hóa, dịch vụ.\n[https://helpv4.meinvoice.vn/wp-content/uploads/2020/06/r7_mobile_danh_muc_hnag-hoa02.jpg]\n3. Khai báo thông tin hàng hóa, dịch vụ.\nLưu ý :\nBắt buộc phải khai báo các thông tin có dấu (*).\nCác thông tin: Đơn vị tính, Giá bán, Thuế suất GTGT (%), Tỷ lệ CK (%) sẽ được lấy lên hóa đơn tương ứng với từng Mã hàng hóa.\n4. Nhấn Thêm.\n[https://helpv4.meinvoice.vn/wp-content/uploads/2020/06/r7_mobile_danh_muc_hnag-hoa05.jpg]
MISA meInvoice Mobile - Có mã cơ quan thuế$Lập hóa đơn có mã của Cơ quan thuế$Lưu ý: Trên meInvoice mobile có thể lập hóa đơn có mẫu hóa đơn là:\n\nCác mẫu hóa đơn cơ bản đã được thông báo phát hành trên meInvoice.vn Web, meInvoice Desktop, và các phần mềm tích hợp khác (SME, MIMOSA, ACT…).\nCác mẫu hóa đơn cơ bản có thiết lập trường thông tin mở rộng được thông báo phát hành trên meInvoice Web. Xem chi tiết tại đây.\nKhi lập hóa đơn có mẫu số, ký hiệu áp dụng quy trình phê duyệt hóa đơn, xem hướng dẫn gửi duyệt tại đây.\n1.  Nhấn biểu tượng.\n[https://helpv4.meinvoice.vn/wp-content/uploads/2022/03/lap_hd_01-1-144x300.png]\n2. Chọn mẫu hóa đơn.\nNhấn vào mục Mẫu hóa đơn.\n[https://helpv4.meinvoice.vn/wp-content/uploads/2022/03/lap_hd_02-1-150x300.png]\nChọn mẫu hóa đơn muốn sử dụng bằng cách: tìm kiếm theo mẫu số hoặc ký hiệu hóa đơn trên thanh tìm kiếm hoặc bằng cách vuốt màn hình sang trái.\nNhấn Chọn mẫu này.\n[https://helpv4.meinvoice.vn/wp-content/uploads/2022/03/lap_hd_03-147x300.png]\n3. Khai báo thông tin khách hàng:\nNhấn vào mục Khách hàng\n[https://helpv4.meinvoice.vn/wp-content/uploads/2022/03/lap_hd_04-150x300.png]\nNếu đã khai báo danh mục khách hàng: Chọn khách hàng trên danh sách (có thể tìm nhanh bằng cách nhập từ khóa theo Tên, Số điện thoại, Mã số thuế của khách hàng).\n[https://helpv4.meinvoice.vn/wp-content/uploads/2022/03/lap_hd_05-1-153x300.png]\n\nLưu ý:\nCó thể lập hóa đơn cho đơn vị là tổ chức không có mã số thuế (bỏ trống thông tin Mã số thuế của người mua\nDanh mục Khách hàng khai báo trên meInvoice.vn Web sẽ được lấy xuống meInvoice Mobile và ngược lại.\n4. Chọn Hình thức thanh toán.\nLưu ý: Có thể đánh dấu trạng thái Đã thanh toán cho hóa đơn đã được khách hàng thanh toán tiền trước nhằm phục vụ công tác quản lý:\nTrên danh sách, hóa đơn sẽ được đánh dấu Đã thanh toán\nKhi người mua tra cứu hóa đơn sẽ hiển thị tình trạng thanh toán là Đã thanh toán.\n[https://helpv4.meinvoice.vn/wp-content/uploads/2022/03/lap_hd_06-1-150x300.png]\n5. Khai báo hàng hóa ,dịch vụ\nNhấn Thêm hàng hóa dịch vụ.\n[https://helpv4.meinvoice.vn/wp-content/uploads/2022/03/lap_hd_07-150x300.png]\nNếu đã khai báo danh mục hàng hóa, dịch vụ: Chọn hàng hóa trên danh sách (có thể chọn nhiều hàng hóa, dịch vụ cùng lúc), nhấn Hoàn tất.\nCó thể tìm nhanh hàng hóa bằng cách nhập từ khóa theo Tên, Mã hàng hóa.\nNếu chưa khai báo danh mục hàng hóa dịch vụ: Nhấn biểu tượng để thêm mới hàng hóa ,dịch vụ. Xem hướng dẫn tại đây.\n[https://helpv4.meinvoice.vn/wp-content/uploads/2022/03/lap_hd_08-1-139x300.png]\nLưu ý: \nNếu muốn thay đổi lại thông tin của hàng hóa hoặc khai báo bổ sung các thông tin khác như Tỷ lệ chiết khấu, Tiền chiết khấu, Hàng khuyến mại thì:\nNhấn vào dòng hàng hóa cần thay đổi thông tin.\nNhập thông cần thay đổi, sau đó nhấn Đồng ý.\nDanh mục Hàng hóa, dịch vụ khai báo trên meInvoice.vn Web sẽ được lấy xuống meInvoice Mobile và ngược lại.\n6. Nhấn Lưu hoặc Lưu và phát hành nếu muốn phát hành ngay hóa đơn.\n[https://helpv4.meinvoice.vn/wp-content/uploads/2022/03/lap_hd_09-1-149x300.png]\n7. Tích chọn Gửi hóa đơn cho khách hàng: nếu muốn chương trình tự động gửi thông tin về hóa đơn điện tử cho khách hàng ngay sau khi nhận được mã của cơ quan thuế.\n[https://helpv4.meinvoice.vn/wp-content/uploads/2022/03/lap_hd_10-1-148x300.png]\n8. Nhấn Phát hành, lựa chọn chứng thư số, chương trình đồng thời cấp số hóa đơn và phát hành hóa đơn điện tử. Sau khi phát hành thành công, hóa đơn được gửi lên cơ quan thuế chờ cấp mã.\nTrường hợp hóa đơn hợp lệ, cơ quan thuế thực hiện cấp mã và gửi về thông điệp kết quả cấp mã của cơ quan thuế, hệ thống đồng thời cập nhật Mã của cơ quan thuế trạng thái hóa đơn thành Đã cấp mã.\n[https://helpv4.meinvoice.vn/wp-content/uploads/2022/03/lap_hd_11-300x198.png]\nTrường hợp hóa đơn không hợp lệ, cơ quan thuế thực hiện cấp mã và gửi về thông điệp kết quả kiểm tra dữ liệu hóa đơn điện tử – hóa đơn không đủ điều kiện cấp mã, hệ thống cập nhật trạng thái hóa đơn thành Từ chối cấp mã.\nLưu ý:\nHóa đơn lập trên meInvoice Mobile sẽ được lấy lên danh sách hóa đơn của meInvoice.vn Web và ngược lại.\nCó thể đánh dấu hóa đơn Đã thanh toán sau khi lập phục vục công tác quản lý.








































































